{"cameraMode":{"drawMode":0,"name":"Shaded","section":"Shading Mode"},"sceneLighting":false,"audioPlay":false,"sceneViewState":{"showFog":true,"showMaterialUpdate":false,"showSkybox":false,"showFlares":true,"showImageEffects":true,"showParticleSystems":true},"in2DMode":false,"pivot":{"x":947.27587890625,"y":692.5748291015625,"z":-1758.9229736328125},"rotation":{"x":-0.08342459052801132,"y":0.9112910628318787,"z":-0.22911155223846436,"w":-0.33182016015052798},"size":1.4921830892562867,"orthographic":false}